Player,Diff,KD,Rating
FranceZywOo,+7150,1.39,1.27
Ukraines1mple,+9530,1.34,1.24
Russiash1ro,+6566,1.45,1.23
Russiadeko,+3320,1.36,1.20
UnitedKingdomsmooya,+4043,1.27,1.18
Malaysiakaze,+4509,1.30,1.18
Russiadegster,+3937,1.29,1.18
Brazilsaffee,+2116,1.27,1.17
TurkeyXANTARES,+6909,1.20,1.17
NewZealandsterling,+4242,1.30,1.17
Denmarkdevice,+7791,1.25,1.16
UkraineSENSEi,+3187,1.35,1.16
ChinaDANK1NG,+1897,1.25,1.16
Argentinatry,+1941,1.27,1.16
DenmarkblameF,+4483,1.26,1.16
BosniaandHerzegovinaNiKo,+5870,1.19,1.15
BrazilKSCERATO,+4218,1.28,1.15
IndonesiaBnTeT,+3809,1.21,1.14
SingaporeBenkai,+2046,1.20,1.14
ChinaJamYoung,+1594,1.22,1.14
UkraineWoro2k,+2303,1.22,1.14
Hungarytorzsi,+2181,1.23,1.14
Brazilzevy,+1567,1.23,1.14
Brazilcoldzera,+5601,1.22,1.13
PolandmhL,+2639,1.21,1.13
AustraliaTexta,+1738,1.16,1.13
RussiaJame,+5654,1.31,1.13
KoreaXigN,+2460,1.18,1.13
CzechRepublicforsyy,+1766,1.24,1.13
Slovakiafrozen,+4082,1.19,1.13
CzechRepublicoskar,+5332,1.20,1.13
Polandmantuu,+2349,1.20,1.12
RussiaEl1an,+4891,1.21,1.12
Mongoliask0R,+1232,1.16,1.12
RomaniaXELLOW,+3673,1.17,1.12
NewZealandSico,+3623,1.24,1.12
RussialiTTle,+1550,1.20,1.12
BosniaandHerzegovinahuNter-,+4427,1.16,1.12
Turkeywoxic,+4151,1.20,1.12
Estoniaropz,+4312,1.21,1.12
FrancekennyS,+6479,1.20,1.12
Uruguaydgt,+1989,1.22,1.12
HongKongFreeman,+2337,1.17,1.12
Bulgariah4rn,+2631,1.23,1.12
AustraliaINS,+2916,1.17,1.12
FinlandJamppi,+1408,1.16,1.12
UnitedStateswrath,+1239,1.13,1.12
Brazilyuurih,+3308,1.18,1.12
Swedennawwk,+4031,1.22,1.11
SpainSunPayus,+1633,1.23,1.11
ThailandPTC,+1408,1.18,1.11
BrazilkNgV-,+2672,1.17,1.11
Singaporesplashske,+1811,1.15,1.11
NewZealandchelleos,+1462,1.14,1.11
Russiazorte,+3429,1.21,1.11
SlovakiaGuardiaN,+4763,1.18,1.11
Russiaxsepower,+4793,1.23,1.11
MongoliaerkaSt,+2415,1.15,1.11
CanadaTwistzz,+4290,1.17,1.11
BrazilHEN1,+4714,1.24,1.11
SwedenFREDDyFROG,+3606,1.18,1.11
Bulgariadream3r,+4501,1.20,1.11
Brazilvsm,+1731,1.14,1.10
ThailandOlivia,+1565,1.15,1.10
Swedenf0rest,+5649,1.16,1.10
Denmarkmertz,+2627,1.16,1.10
FinlandottoNd,+2932,1.18,1.10
Russiamir,+2788,1.15,1.10
JordanBOROS,+823,1.08,1.10
RussiaAx1Le,+3029,1.17,1.10
CanadaWARDELL,+1648,1.17,1.10
Bulgariapoizon,+2872,1.15,1.10
UnitedStatesjunior,+1949,1.22,1.10
UnitedStatesswag,+1629,1.18,1.10
BulgariaCeRq,+3416,1.17,1.10
UnitedStatesPwnAlone,+2739,1.16,1.10
UnitedStatesoSee,+3640,1.18,1.10
Finlandallu,+5005,1.16,1.10
Polandhades,+2669,1.19,1.10
Australiaekul,+986,1.12,1.10
AustraliaVexite,+889,1.11,1.10
Canadamoose,+1975,1.16,1.10
Indonesiaxccurate,+1724,1.15,1.09
Spainmixwell,+1911,1.13,1.09
UnitedStatesBrehze,+2709,1.12,1.09
Brazildumau,+1635,1.16,1.09
SouthAfricaSonic,+2375,1.15,1.09
GermanysyrsoN,+4846,1.16,1.09
NorthMacedoniaCacaNito,+793,1.10,1.09
UnitedStatesCooper,+2210,1.15,1.09
DenmarkJUGi,+2676,1.18,1.09
SwedenGeT_RiGhT,+4284,1.15,1.09
Brazilnython,+1592,1.15,1.09
UnitedStatesInfinite,+2075,1.12,1.09
UnitedStatesryx,+1181,1.14,1.09
FinlandzehN,+2620,1.13,1.09
BelgiumScreaM,+3099,1.13,1.09
AustraliaaliStair,+2931,1.16,1.09
RussiaelectroNic,+3102,1.12,1.09
IsraelSpinx,+1343,1.14,1.09
AustraliaBL1TZ,+1601,1.13,1.09
CanadaNAF,+4385,1.15,1.09
Germanynex,+2435,1.13,1.09
BrazilJOTA,+1483,1.15,1.09
BelgiumritchiEE,+1123,1.12,1.08
TurkeyCalyx,+3023,1.15,1.08
Lithuanianukkye,+1330,1.13,1.08
Belaruslollipop21k,+2619,1.11,1.08
Brazilbiguzera,+1930,1.14,1.08
Swedendraken,+3547,1.16,1.08
Brazilfer,+2823,1.11,1.08
Brazilexit,+2772,1.19,1.08
Australiahazr,+1422,1.09,1.08
ChinaSavage,+1926,1.14,1.08
SerbiaDJOXiC,+1204,1.15,1.08
GermanyPANIX,+947,1.13,1.08
MongoliaMachinegun,+676,1.09,1.08
DenmarkFarlig,+2122,1.15,1.08
Germanykeev,+1217,1.12,1.08
UnitedStatesEliGE,+3133,1.10,1.08
Australiapz,+1232,1.14,1.08
Denmarkvalde,+2841,1.13,1.08
Finlandsergej,+1816,1.14,1.08
SouthAfricaDetrony,+848,1.12,1.08
ChinaAttacker,+2707,1.12,1.08
Chinagas,+795,1.08,1.08
Chiledav1deuS,+779,1.10,1.08
UnitedStatescynic,+2060,1.13,1.08
UnitedStatesShahZaM,+2058,1.13,1.08
Bulgariadennyslaw,+3372,1.14,1.08
SwedenjayzaR,+1004,1.10,1.08
GermanyfaveN,+3207,1.12,1.08
Denmarkk0nfig,+2495,1.08,1.08
AustraliaHatz,+2109,1.13,1.08
RussiaFL1T,+3016,1.13,1.08
Brazilfelps,+1790,1.09,1.08
Latviabroky,+2196,1.16,1.08
AustraliaRickeh,+2388,1.15,1.07
Franceafro,+1599,1.13,1.07
DenmarkMagisk,+3374,1.13,1.07
PolandMICHU,+3106,1.10,1.07
DenmarkRyxxo,+1997,1.13,1.07
Israelanarkez,+1833,1.12,1.07
UnitedStatesptr,+2699,1.15,1.07
EstoniafejtZ,+1807,1.11,1.07
ChinaSummer,+2797,1.13,1.07
UnitedStatesdapr,+1002,1.10,1.07
Denmarkdupreeh,+4315,1.12,1.07
RussiaiDISBALANCE,+2607,1.15,1.07
Argentinameyern,+943,1.10,1.07
Polandreiko,+685,1.06,1.07
UnitedKingdommezii,+1408,1.12,1.07
Kosovogxx-,+1432,1.16,1.07
DenmarkNaToSaphiX,+2625,1.16,1.07
AustraliaLiazz,+2342,1.14,1.07
SerbiaImpulse,+1589,1.12,1.07
CzechRepublicNEOFRAG,+1271,1.08,1.07
RomanialauNX,+668,1.08,1.07
FinlandZOREE,+4164,1.13,1.07
UnitedStatesCLASIA,+820,1.11,1.07
Brazilxand,+875,1.10,1.07
AustraliaInfrequeNt,+932,1.12,1.07
MongoliaAnnihilation,+1048,1.15,1.07
LithuaniaEspiranTo,+1349,1.09,1.07
LatviaYEKINDAR,+1598,1.07,1.07
UnitedStatesfloppy,+1636,1.10,1.07
UnitedStatesautimatic,+2299,1.10,1.07
BrazilLucaozy,+1218,1.13,1.07
LithuaniajL,+1023,1.10,1.07
Australiajks,+2514,1.12,1.07
Norwayhallzerk,+1634,1.11,1.07
Franceshox,+3721,1.10,1.07
NetherlandsCRUC1AL,+3153,1.11,1.07
FranceMaka,+2867,1.12,1.07
CzechRepublicBlogg1s,+864,1.12,1.07
Chinasomebody,+2155,1.10,1.07
Denmarknicoodoz,+2075,1.14,1.07
ArgentinaNikoM,+966,1.11,1.07
RussiaWorldEdit,+2453,1.11,1.07
Canadashroud,+1311,1.12,1.07
DenmarkPimp,+2016,1.13,1.07
FrancehAdji,+2399,1.11,1.07
BrazilFalleN,+3965,1.15,1.07
Germanyslaxz-,+2540,1.13,1.07
ChinaDD,+1523,1.10,1.06
Polanddycha,+1447,1.09,1.06
Brazilchelo,+1582,1.09,1.06
DenmarkacoR,+2422,1.12,1.06
Ukrainesmike,+601,1.07,1.06
Australiadexter,+1679,1.09,1.06
NewZealandofnu,+1380,1.10,1.06
Polandsnatchie,+2612,1.09,1.06
UnitedStatesEthan,+1488,1.09,1.06
Brazilboltz,+2712,1.12,1.06
GermanyKrimbo,+1145,1.12,1.06
BulgariaRainwaker,+2732,1.12,1.06
AustraliaNikkeZ,+549,1.07,1.06
GuatemalamalbsMd,+645,1.05,1.06
KazakhstanHObbit,+2384,1.10,1.06
FranceHappy,+2739,1.11,1.06
Russiafame,+1022,1.10,1.06
BulgariaSHiPZ,+2564,1.07,1.06
Russiashalfey,+1452,1.13,1.06
AustraliaValiance,+1160,1.11,1.06
ChinazhokiNg,+1443,1.06,1.06
Ukraines4ltovsk1yy,+1104,1.13,1.06
UkraineCOLDYY1,+1718,1.11,1.06
Brazilb4rtiN,+948,1.10,1.06
Turkeypaz,+1910,1.10,1.06
UnitedStatesSkadoodle,+2458,1.15,1.06
RomaniaiM,+1189,1.07,1.06
UnitedStateskoosta,+1341,1.08,1.06
Brazilpancc,+818,1.08,1.06
ThailandTOR,+657,1.09,1.06
FinlandsuNny,+1657,1.07,1.06
Hungaryfleav,+788,1.07,1.06
Braziltrk,+1602,1.10,1.05
Brazilremix,+951,1.10,1.05
Swedenolofmeister,+2664,1.10,1.05
ChinaSLOWLY,+672,1.07,1.05
Australiatucks,+1229,1.10,1.05
SwedenBrollan,+1480,1.07,1.05
PolandSobol,+1595,1.09,1.05
BulgariaREDSTAR,+1547,1.11,1.05
DenmarkroeJ,+1386,1.07,1.05
Brazilshz,+1406,1.09,1.05
Brazilskullz,+939,1.10,1.05
Denmarkstavn,+1834,1.08,1.05
Polandrallen,+3294,1.10,1.05
Chinabottle,+871,1.06,1.05
JordanISSAA,+1396,1.09,1.05
PolandKEi,+949,1.06,1.05
UnitedStatesGrim,+947,1.05,1.05
Chinaflying,+546,1.07,1.05
KazakhstanRamz1kBO$$,+553,1.07,1.05
ChinaHZ,+691,1.08,1.05
NewZealandGratisfaction,+1641,1.11,1.05
DenmarkLucky,+1404,1.11,1.05
Denmarkcajunb,+2868,1.10,1.05
Kosovojuanflatroo,+618,1.04,1.05
UnitedStatesyay,+604,1.05,1.05
Australiazeph,+600,1.06,1.05
Kazakhstanmou,+2555,1.10,1.05
MexicoMarKE,+1642,1.09,1.05
Ukraineb1t,+974,1.10,1.05
Mongolianin9,+800,1.10,1.05
UnitedStatesSicK,+1040,1.07,1.05
PolandNEEX,+574,1.08,1.05
Ukrainesdy,+2400,1.11,1.05
SwedenKRIMZ,+3163,1.10,1.05
SpainloWel,+1739,1.10,1.05
NorwayMarcelious,+692,1.07,1.05
Brazilraafa,+1092,1.10,1.05
IsraelflameZ,+612,1.06,1.05
Serbiac0llins,+547,1.06,1.05
Serbianexa,+2091,1.09,1.05
UnitedStatesZellsis,+803,1.07,1.05
Russiarommi,+604,1.06,1.05
UnitedStatesBwills,+1423,1.08,1.04
GermanytabseN,+1458,1.04,1.04
UnitedStatesSwisher,+978,1.06,1.04
LatviaFlarich,+1816,1.10,1.04
SwedenJW,+2523,1.06,1.04
UnitedStatesJeorge,+571,1.07,1.04
DenmarkcadiaN,+2847,1.11,1.04
UnitedStatesWolfY,+1275,1.11,1.04
Brazillatto,+755,1.09,1.04
Brazilhardzao,+1574,1.11,1.04
Australiamalta,+1543,1.09,1.04
Norwayjkaem,+1382,1.05,1.04
DenmarkKjaerbye,+2092,1.08,1.04
NewZealandzewsy,+667,1.06,1.04
PolandSTOMP,+1329,1.10,1.04
RussiaTRAVIS,+767,1.06,1.04
ChinaaumaN,+1201,1.08,1.04
DenmarkTeSeS,+1121,1.06,1.04
UnitedStatesHiko,+1532,1.10,1.04
RussiaDavCost,+1931,1.08,1.04
KoreaHSK,+845,1.10,1.04
Swedenphzy,+1075,1.10,1.04
Swedennilo,+468,1.06,1.04
UnitedStatesmotm,+1096,1.06,1.04
FinlandAerial,+1290,1.06,1.04
DenmarkBubzkji,+963,1.07,1.04
Swedeneraa,+1025,1.08,1.04
CanadaANDROID,+1036,1.07,1.04
ChinaLOVEYY,+699,1.06,1.04
RussiaKENSI,+1055,1.08,1.04
SwitzerlandrigoN,+114,1.01,1.04
BrazilKHTEX,+867,1.08,1.04
UnitedStatesSLIGHT,+585,1.08,1.04
BosniaandHerzegovinadEE,+642,1.07,1.04
Russian0rb3r7,+790,1.04,1.04
NetherlandsFASHR,+698,1.04,1.04
PolandSnax,+2827,1.07,1.03
BelgiumDavidp,+1009,1.08,1.03
Chinatb,+708,1.07,1.03
KazakhstanQikert,+1775,1.08,1.03
Brazilland1n,+1343,1.10,1.03
UnitedStatestarik,+1316,1.05,1.03
SwedenREZ,+1482,1.06,1.03
BulgariaNK4Y,+429,1.05,1.03
Swedenchawzyyy,+507,1.07,1.03
ThailandKntz,+670,1.07,1.03
CanadaSubroza,+375,1.03,1.03
AustraliaUSTILO,+931,1.05,1.03
Swedentwist,+1701,1.05,1.03
BrazilRCF,+715,1.06,1.03
DenmarkJ3nsyy,+815,1.09,1.03
Australiayam,+650,1.07,1.03
UnitedStatesSwahn,+599,1.07,1.03
Swedenznajder,+1070,1.06,1.03
Mongoliakabal,+961,1.06,1.03
SwedenRelaxa,+1931,1.10,1.03
CzechRepublicDEV7L,+582,1.06,1.03
BrazilDeStiNy,+777,1.03,1.03
DenmarkStaehr,+437,1.05,1.03
Swedenflusha,+2356,1.06,1.03
Spainalex,+1567,1.06,1.03
UkraineAiyvaN,+578,1.05,1.03
DenmarkFessor,+323,1.04,1.03
Mongoliadobu,+650,1.04,1.03
Denmarksjuush,+1073,1.06,1.03
Kazakhstanbuster,+1881,1.08,1.03
Germanykressy,+1167,1.06,1.03
ChinacaptainMo,+590,1.04,1.03
Germanys1n,+467,1.07,1.03
GermanystfN,+1442,1.06,1.03
ArgentinaJonY,+344,1.05,1.03
Hungarykolor,+432,1.04,1.03
Denmarkrefrezh,+1106,1.06,1.03
Chinashuadapai,+492,1.05,1.03
Denmarkaizy,+1187,1.04,1.03
Swedendennis,+1136,1.04,1.03
UnitedStatesfood,+380,1.05,1.03
RussiaPatsi,+294,1.03,1.02
Norwayrain,+869,1.03,1.02
Finlandhoody,+402,1.04,1.02
FranceLucky,+1517,1.06,1.02
PortugalJUST,+868,1.05,1.02
BelarusCyberFocus,+320,1.04,1.02
Brazilkai,+415,1.05,1.02
BrazilMaluk3,+1401,1.07,1.02
SerbiaDiMKE,+471,1.04,1.02
TurkeyimoRR,+226,1.01,1.02
BulgariaKalubeR,+391,1.04,1.02
RussiaForester,+1231,1.05,1.02
PolandpashaBiceps,+989,1.03,1.02
Kazakhstansmiley,+632,1.08,1.02
UnitedKingdomThomas,+921,1.05,1.02
Finlandjuho,+128,1.01,1.02
Denmarkdragonfly,+502,1.06,1.02
FranceAMANEK,+1265,1.06,1.02
Swedenb0denmaster,+810,1.06,1.02
Brazilfnx,+667,1.06,1.02
UnitedStatesjdm64,+825,1.06,1.02
Russiaglowiing,+257,1.02,1.02
RussiaNorwi,+493,1.05,1.02
SlovakiaMonttY,+338,1.04,1.02
RussiaFANAT,+453,1.06,1.02
Swedendisco,+1094,1.05,1.02
MontenegroMaden,+301,1.02,1.02
Ukrainebondik,+1456,1.06,1.02
Polandmouz,+1738,1.06,1.02
ThailandqqGOD,+280,1.03,1.02
EstoniaHS,+390,1.02,1.02
RussiaRaijin,+360,1.05,1.02
AustraliaMoeycQ,+410,1.04,1.02
DenmarkZyphon,+506,1.05,1.02
Russiaspaze,+89,1.01,1.02
Bulgariav1c7oR,+1181,1.04,1.02
UnitedStatesVoltage,+571,1.08,1.02
Polandjedqr,+808,1.05,1.02
UnitedStatesAce,+570,1.08,1.02
BrazilTuurtle,+695,1.04,1.02
PolandGoofy,+577,1.02,1.02
Kazakhstandimasick,+447,1.04,1.02
Russiaflamie,+1247,1.04,1.02
RomaniaBlytz,+228,1.02,1.02
Slovakiaqueztone,+235,1.02,1.02
BelarusROBO,+628,1.05,1.02
Canadasteel,+261,1.02,1.02
Finlandspargo,+455,1.04,1.02
EstoniaJyo,+1199,1.05,1.02
SerbiaLETN1,+1164,1.06,1.02
DenmarkTENZKI,+1333,1.05,1.02
Portugalfox,+523,1.03,1.02
UnitedStatesn0thing,+484,1.03,1.02
PolandKylar,+615,1.04,1.02
Denmarkniko,+964,1.04,1.02
Uruguaymax,+564,1.05,1.02
UnitedStatesroca,+195,1.02,1.02
UnitedStatesSpongey,+1012,1.07,1.02
NetherlandschrisJ,+1107,1.04,1.02
PolandMarkoś,+856,1.06,1.02
Australiaflickz,+352,1.05,1.01
FinlandsLowi,+574,1.02,1.01
UnitedStatesxCeeD,+174,1.02,1.01
Bulgariamar,+402,1.03,1.01
FranceNBK-,+957,1.02,1.01
RussiaPolt,+537,1.05,1.01
SwedenLekr0,+834,1.03,1.01
UnitedStatesdesi,+99,1.01,1.01
Denmarkes3tag,+817,1.03,1.01
SpainEasTor,+378,1.04,1.01
UnitedStatesmitch,+632,1.05,1.01
Argentina1962,+9,1.00,1.01
UnitedStatescxzi,-30,1.00,1.01
Indonesiaroseau,+84,1.01,1.01
CanadaFaNg,+453,1.03,1.01
SwedenMaikelele,+941,1.05,1.01
AustraliaNoobster,+203,1.02,1.01
ChinaViva,+480,1.05,1.01
Portugalobj,+423,1.06,1.01
UnitedKingdomvolt,+238,1.03,1.01
BraziliDk,+603,1.03,1.01
Estoniashokz,+422,1.03,1.01
CzechRepublicSHOCK,+587,1.03,1.01
BulgariaspyleadeR,+83,1.00,1.01
Polandbyali,+1280,1.04,1.01
UnitedStatesfl0m,+485,1.04,1.01
Portugalstadodo,+753,1.05,1.01
Brazilpesadelo,+110,1.01,1.01
UnitedStatesSnakes,+312,1.04,1.01
Swedenhampus,+214,1.01,1.01
DenmarkXyp9x,+2146,1.06,1.01
AustraliaJinxx,+305,1.04,1.01
Polandszejn,+180,1.02,1.01
Germanymirbit,+926,1.06,1.01
Swedenkreaz,+591,1.04,1.01
UnitedStatesreck,+115,1.01,1.01
SwedenPlopski,+753,1.04,1.01
DenmarkFriis,+747,1.05,1.01
FranceSIXER,+1265,1.07,1.01
UnitedStatesdazzLe,-8,1.00,1.01
Chinaayaya,+102,1.01,1.01
UnitedStatesStewie2K,+390,1.01,1.01
DenmarkNodios,+641,1.04,1.01
PolandGruBy,+569,1.02,1.01
SwedenSvedjehed,+296,1.04,1.01
SwedenFRANSSON,+208,1.03,1.01
PolandF1KU,+190,1.01,1.01
AustraliaHUGHMUNGUS,+433,1.03,1.01
Lithuaniakalinka,+157,1.01,1.01
Braziltatazin,+1017,1.07,1.01
Swedengrux,+230,1.03,1.01
Denmarkb0RUP,+431,1.01,1.01
Belgiumto1nou,+520,1.04,1.01
NorthMacedoniaaidKiT,+301,1.03,1.01
RussiaKrad,+377,1.01,1.01
SwedenPlesseN,+32,1.00,1.01
Ukrainej3kie,+59,1.01,1.01
TurkeyDESPE,+320,1.04,1.01
PortugalNOPEEJ,+304,1.04,1.01
FrancekioShiMa,+1286,1.05,1.01
Denmarkfr0slev,+350,1.03,1.01
FranceapEX,+237,1.01,1.01
AustraliaDickStacy,+334,1.03,1.01
CzechRepubliccapseN,+475,1.06,1.01
UnitedStatesFugLy,+621,1.03,1.01
Australiaemagine,+487,1.04,1.01
Brazilyel,+882,1.05,1.00
Polandreatz,+659,1.02,1.00
RussiawaterfaLLZ,+338,1.02,1.00
PolandMINISE,+583,1.02,1.00
GermanyJDC,+178,1.02,1.00
CanadaHexT,+193,1.02,1.00
NorthMacedoniaNENO,+455,1.04,1.00
CanadaJ0LZ,+107,1.01,1.00
BrazilzqkS,+787,1.06,1.00
UkraineEdward,+773,1.03,1.00
Russiaclax,+292,1.03,1.00
SlovakiaZero,+897,1.04,1.00
UnitedStatesNifty,+248,1.02,1.00
BrazildelboNi,+227,1.02,1.00
UnitedStatesRelyks,+161,1.01,1.00
Denmarkglace,+366,1.04,1.00
UnitedStatesOderus,-52,0.99,1.00
Russiaalmazer,+635,1.03,1.00
Russia1uke,+223,1.02,1.00
Australiaap0c,+64,1.00,1.00
Ukrainekenzor,+57,1.01,1.00
UnitedStateshazed,-81,0.99,1.00
Russiaspeed4k,+527,1.04,1.00
ChinaxiaosaGe,+17,1.00,1.00
SingaporeImpressioN,+131,1.01,1.00
PortugalKILLDREAM,-16,1.00,1.00
Polandinnocent,+401,1.01,1.00
ThailandRoLEX,+33,1.00,1.00
Koreazeff,+54,1.01,1.00
LatviaR0b3n,+208,1.02,1.00
SouthAfricaMisteM,-47,1.00,1.00
FinlandxseveN,+447,1.02,1.00
Norwaycromen,+67,1.01,1.00
UnitedStatesadreN,+380,1.03,1.00
MongoliaTsogoo,+75,1.01,1.00
Australiavoid,+127,1.02,1.00
Swedenpyth,-5,1.00,1.00
SwedenMODDII,+401,1.02,1.00
Belarusmds,+551,1.02,1.00
UnitedStatescam,+169,1.02,1.00
Russiamagixx,+410,1.03,1.00
BrazilarT,-123,0.99,1.00
UnitedStateschop,+150,1.01,1.00
UkrainejR,+388,1.02,1.00
Brazildzt,+125,1.01,1.00
Russiafenvicious,+45,1.00,1.00
FranceDjoko,-118,0.99,1.00
DenmarkBasso,+236,1.02,1.00
UnitedStatesvice,+128,1.01,1.00
PolandVegi,-110,0.99,1.00
Polandsiuhy,-38,1.00,1.00
Estoniasupra,+60,1.01,1.00
Swedenrobiin,+36,1.00,1.00
Romaniaragga,-10,1.00,1.00
SwedenBååten,+20,1.00,0.99
CzechRepublicnbqq,+5,1.00,0.99
DenmarkCabbi,-239,0.98,0.99
Swedenfreddieb,+180,1.01,0.99
CanadaSEMPHIS,-33,1.00,0.99
UnitedKingdomdephh,-232,0.98,0.99
Brazilrealz1n,+262,1.02,0.99
PolandSZPERO,+673,1.02,0.99
CanadagMd,-47,0.99,0.99
UnitedKingdomALEX,-372,0.98,0.99
ArgentinaNoktse,+256,1.02,0.99
AustraliaYDNA,+95,1.01,0.99
Ukrainemarkeloff,+485,1.03,0.99
UnitedKingdomPuls3,+74,1.01,0.99
UnitedStatesneptune,-23,1.00,0.99
Polandmorelz,-167,0.99,0.99
Swedenxelos,-8,1.00,0.99
Australiarbz,+138,1.01,0.99
SwedenBENDJI,+137,1.01,0.99
Brazilleo_drk,-73,0.99,0.99
Denmarkjabbi,+241,1.01,0.99
Finlanduli,+167,1.02,0.99
Francebodyy,-48,1.00,0.99
Romaniajaxi,+183,1.02,0.99
RussiaJIaYm,-275,0.98,0.99
Argentinadeco,+58,1.01,0.99
Spainmopoz,-264,0.99,0.99
SwedenBARBARR,-20,1.00,0.99
UnitedStateswiz,+310,1.03,0.99
BrazilVINI,+3,1.00,0.99
Russiafacecrack,-711,0.98,0.99
UkraineANGE1,-685,0.98,0.99
UnitedStateskaboose,-305,0.97,0.99
PortugalMUTiRiS,+120,1.00,0.99
Germanyprosus,-113,0.99,0.99
UnitedStatesDrone,-168,0.98,0.99
SlovakiaSTYKO,+240,1.01,0.99
RussiaDimaoneshot,-557,0.98,0.99
Norwaytruth,-38,1.00,0.99
UnitedStatesfreakazoid,-190,0.99,0.99
AustraliaLiki,+170,1.02,0.99
Swedenbq,-138,0.98,0.99
UnitedStatesvanity,+80,1.01,0.99
Hungarykory,-61,1.00,0.99
Kazakhstanfitch,-210,0.98,0.99
Denmarkgade,-121,0.99,0.99
FinlandSAGGERTON,-231,0.98,0.99
Portugalroman,-27,1.00,0.99
UnitedKingdomCYPHER,-267,0.97,0.99
CzechRepublicZEDKO,+98,1.00,0.99
Australiaapocdud,-56,1.00,0.99
Germanyk1to,-550,0.98,0.99
RussiaDosia,+213,1.01,0.99
Brazilryotzz,-154,0.98,0.99
DenmarkLukki,-18,1.00,0.99
RussiaJerry,+9,1.00,0.99
Denmarkraalz,-137,0.99,0.98
AustraliaJ1rah,-29,1.00,0.98
CanadaDAVEY,-294,0.98,0.98
SwedenXizt,+511,1.02,0.98
BrazilALLE,+26,1.00,0.98
UnitedStatesstellar,+26,1.00,0.98
DenmarknotaN,+9,1.00,0.98
BrazilNEKIZ,-176,0.99,0.98
AustraliaAZR,-249,0.99,0.98
UnitedStatesnitr0,+87,1.00,0.98
NorwayRUBINO,-170,0.99,0.98
BelgiumStev0se,-137,0.99,0.98
FranceEx3rcice,-27,1.00,0.98
KazakhstanAdreN,-220,0.99,0.98
UnitedStatesryann,-269,0.98,0.98
NorthMacedoniakyxsan,-95,0.99,0.98
SpainDeathZz,+18,1.00,0.98
GermanySpiidi,+239,1.01,0.98
RussiaPerfecto,+480,1.04,0.98
HungaryDeadFox,-54,1.00,0.98
PolandFurlan,-792,0.98,0.98
UnitedStatesviz,+1,1.00,0.98
DenmarkDaffu,+103,1.01,0.98
KazakhstanLack1,-442,0.98,0.98
SouthAfricaFadey,-452,0.97,0.98
UnitedStatesanger,-229,0.98,0.98
Russiapropleh,-35,1.00,0.98
Kazakhstanice,-222,0.98,0.98
Denmarklarsen,+34,1.00,0.98
FranceJACKZ,-297,0.99,0.98
Argentinareversive,-52,1.00,0.98
Latviakrii,-62,0.99,0.98
Braziltifa,-109,0.98,0.98
RomaniasXe,-157,0.99,0.98
PolandkRaSnaL,-82,0.99,0.98
Bulgariabubble,+152,1.00,0.98
Turkeyxfl0ud,+85,1.01,0.98
CzechRepublicmanguss,+71,1.01,0.98
AustraliaLlamas,-35,1.00,0.98
Brazilprt,-99,0.99,0.98
DenmarkPERCY,-353,0.98,0.98
Germanysyken,-248,0.97,0.98
SwedenPeppzor,-196,0.98,0.98
AustraliaBURNRUOk,-518,0.97,0.98
NorwayRadifaction,-162,0.98,0.98
BrazilBIT,+50,1.00,0.98
RussiaX5G7V,-29,1.00,0.98
Braziljnt,+163,1.01,0.98
UkraineDemQQ,+3,1.00,0.98
UkraineSergiz,+98,1.01,0.98
Denmarkgla1ve,-181,0.99,0.98
CanadaJonji,-766,0.96,0.98
UnitedStatesRUSH,-389,0.99,0.97
SwedenRuStY,-218,0.99,0.97
Denmarkkwezz,-173,0.99,0.97
FranceRpK,-621,0.98,0.97
RussiaNickelBack,-303,0.99,0.97
RussiaFinigaN,+88,1.01,0.97
Polandmono,-24,1.00,0.97
UnitedStatesdroid,-83,0.99,0.97
Bulgariablocker,-572,0.97,0.97
Russiajmqa,-273,0.98,0.97
ChinaDeStRoYeR,-235,0.98,0.97
Kosovosinnopsyy,-748,0.95,0.97
UnitedStatesseb,-224,0.98,0.97
Canadadjay,-328,0.98,0.97
Polandleman,-202,0.98,0.97
SwedenSapec,-523,0.96,0.97
Polandbnox,-233,0.97,0.97
RussiakUcheR,-145,0.99,0.97
BulgariaSPELLAN,-364,0.99,0.97
RussiaBoombl4,-644,0.97,0.97
BrazilSHOOWTiME,-529,0.97,0.97
Thailandstk,-223,0.98,0.97
Finlanddoto,-410,0.97,0.97
Polandoskarish,-423,0.98,0.97
Brazilf4stzin,-331,0.96,0.97
Swedenisak,-200,0.98,0.97
SpainSOKER,-442,0.96,0.97
FranceDEVIL,-291,0.97,0.97
UnitedStatesbrett,-454,0.95,0.97
DenmarkQueenix,-214,0.98,0.97
Hungarygabesson,-264,0.97,0.97
ThailandMAIROLLS,-226,0.97,0.97
BrazilPKL,-441,0.98,0.97
AustraliaMayker,-220,0.97,0.97
Ukrainebyr9,-202,0.98,0.97
FinlandKHRN,-245,0.98,0.97
DenmarkKristou,-372,0.97,0.97
UnitedStatesreltuC,-74,1.00,0.97
DenmarkPR1mE,-393,0.97,0.96
PolandHyper,-167,0.99,0.96
Denmarkkraghen,-309,0.97,0.96
BrazilLUCAS1,-474,0.97,0.96
BrazilLeomonster,-465,0.94,0.96
FinlandSADDYX,-341,0.97,0.96
SwitzerlandManiac,-388,0.97,0.96
Russiachopper,-464,0.98,0.96
Polandkaper,-168,0.98,0.96
FranceSmithZz,-563,0.97,0.96
ChinaDrea3er,-374,0.95,0.96
Polandphr,-501,0.98,0.96
DenmarkmaeVe,-131,0.98,0.96
BrazilWOOD7,+130,1.01,0.96
Hungarybodito,-453,0.95,0.96
BelgiumKeoz,-920,0.95,0.96
Canadastanislaw,-499,0.98,0.96
Francemisutaaa,-416,0.96,0.96
Kazakhstanw1nt3r,-199,0.98,0.96
Ukrainestarix,-311,0.97,0.96
SwedenLNZ,-136,0.98,0.96
Russiaseized,-867,0.97,0.96
Chinaexpro,-307,0.97,0.96
UnitedKingdomSurreal,-976,0.97,0.96
UnitedStatesJazzPimp,-362,0.96,0.96
Francexms,-627,0.95,0.96
SpainKairi,-236,0.97,0.96
RussiaProbLeM,-388,0.97,0.96
LithuaniaKvik,-688,0.95,0.96
DenmarkTMB,-790,0.96,0.96
SerbiaHOLMES,-416,0.95,0.96
CanadaWalco,-581,0.95,0.96
FranceLOGAN,-300,0.97,0.96
Bulgarianiki1,-942,0.96,0.96
DenmarksmF,-396,0.97,0.96
UnitedStatescJ,-304,0.96,0.96
SlovakiaThe,-423,0.97,0.96
UnitedStatesRZU,-554,0.94,0.96
GermanytiziaN,-976,0.97,0.96
China0i,-437,0.95,0.96
Polandponczek,-248,0.98,0.96
Argentinanbl,-523,0.95,0.96
BrazilYJ,-71,0.99,0.96
PolandNEO,-1558,0.96,0.95
Swedendezon,-248,0.97,0.95
RomaniaSEMINTE,-601,0.95,0.95
Germanydenis,-1863,0.95,0.95
GermanyalexRr,-554,0.93,0.95
Russiakinqie,-640,0.95,0.95
Swedendumz,-320,0.96,0.95
UnitedStatesnosraC,-583,0.96,0.95
TaiwanMarek,-343,0.96,0.95
Bulgariarafftu,-445,0.96,0.95
Swedenfriberg,-1734,0.95,0.95
FinlandAleksib,-607,0.97,0.95
NorwayGrus,-849,0.93,0.95
GermanytahsiN,-696,0.94,0.95
DenmarkConsole,-582,0.95,0.95
CanadaCONNOR93,-457,0.94,0.95
NewZealandsoju_j,-410,0.96,0.95
TurkeyMAJ3R,-789,0.96,0.95
KazakhstanKrizzeN,-368,0.97,0.95
BelarusdERZKIY,-406,0.95,0.95
NorwayH4RR3,-818,0.94,0.95
DenmarkSnappi,-1307,0.96,0.95
BulgariaoxygeN,-558,0.95,0.95
Francedevoduvek,-680,0.95,0.95
Russianafany,-1133,0.94,0.95
Hungaryflashie,-518,0.95,0.95
CzechRepublicValencio,-485,0.94,0.95
DenmarkAcilioN,-1611,0.95,0.95
GermanyecfN,-471,0.94,0.95
Brazilcaike,-487,0.95,0.95
Brazilsteel,-1125,0.96,0.95
DenmarkInzta,-849,0.94,0.94
Polanddarko,-953,0.94,0.94
DenmarkmaNkz,-1028,0.94,0.94
BelarusuNdo,-371,0.95,0.94
ChinaKarsa,-319,0.96,0.94
Germanykzy,-835,0.95,0.94
SwedenFifflaren,-40,0.99,0.94
UnitedStatesSileNt,-788,0.93,0.94
Brazildrg,-478,0.94,0.94
CzechRepublicbeastik,-1055,0.94,0.94
FinlandTwixie,-780,0.94,0.94
UnitedStatesShakezullah,-450,0.97,0.94
BulgariaRock1nG,-1142,0.93,0.94
Russiatonyblack,-725,0.95,0.94
BelarusboX,-1537,0.94,0.94
Ukrainearch,-658,0.94,0.94
Russiainterz,-160,0.99,0.94
AustraliaBRACE,-563,0.94,0.94
DenmarkLOMME,-532,0.95,0.94
AustraliaNoisia,-604,0.94,0.94
BelgiumEx6TenZ,-1064,0.96,0.94
Russiaub1que,-496,0.94,0.94
PortugalRIZZZ,-594,0.93,0.94
PolandTaZ,-2410,0.94,0.94
PolandSidney,-575,0.95,0.94
Finlandarvid,-1274,0.93,0.94
TurkeyngiN,-748,0.96,0.94
Chinaforget,-734,0.91,0.94
BulgariaDuplicate,-1111,0.94,0.94
Polandrepo,-657,0.93,0.94
SouthAfricaJT,-1429,0.93,0.94
PolandEXUS,-1264,0.93,0.93
Argentinatutehen,-422,0.95,0.93
PolandTOAO,-1538,0.94,0.93
NorwayPolly,-611,0.93,0.93
Russiahutji,-664,0.92,0.93
Germanycrisby,-1814,0.92,0.93
NorthMacedoniadan1,-592,0.93,0.93
DenmarkkiR,-1165,0.92,0.93
Swedenztr,-817,0.93,0.93
KazakhstanneaLaN,-1515,0.93,0.93
AustraliaSkulL,-1183,0.91,0.93
RussiaRAiLWAY,-1059,0.91,0.93
Polandmatty,-836,0.93,0.93
Serbiaemi,-1715,0.92,0.92
Swedenquix,-1985,0.90,0.92
BelarushitMouse,-625,0.93,0.92
Ukraineamster,-540,0.93,0.92
FranceXp3,-792,0.91,0.92
BulgariaPatrick,-985,0.91,0.92
SerbiaaVN,-955,0.93,0.92
BulgariapNshr,-812,0.92,0.92
BrazilTACO,-1605,0.94,0.92
Spainarki,-1274,0.92,0.92
NorthMacedoniastYleEeZ,-520,0.93,0.92
UzbekistanSANJI,-999,0.92,0.92
UkraineZeus,-1990,0.92,0.92
DenmarkMSL,-3441,0.90,0.92
PolandLuz,-994,0.92,0.92
BrazilRICIOLI,-628,0.92,0.92
Kazakhstansorrow,-867,0.90,0.92
UnitedStatesarya,-868,0.89,0.92
Polandmynio,-1886,0.90,0.92
Brazilnak,-700,0.92,0.92
UnitedKingdomdobbo,-629,0.93,0.92
RussiaS0tF1k,-2336,0.91,0.92
Norwayakez,-1085,0.90,0.91
Russiasvyat,-1060,0.92,0.91
SerbiaDav,-822,0.90,0.91
SwedenSHiNE,-663,0.91,0.91
Mongoliancl,-764,0.92,0.91
SwedenRo1f,-820,0.90,0.91
GermanyLEGIJA,-1671,0.90,0.91
Belarusroman,-664,0.91,0.91
RussiawayLander,-1715,0.89,0.91
FinlandxartE,-1780,0.91,0.91
FinlandBONA,-943,0.89,0.91
KosovoSENER1,-958,0.90,0.91
Denmarkkarrigan,-4168,0.89,0.91
FinlandsAw,-2108,0.91,0.90
Hungarycoolio,-656,0.91,0.90
GermanykRYSTAL,-3495,0.90,0.90
Ukrainecrush,-1476,0.89,0.90
UnitedStatesben1337,-2021,0.89,0.90
Denmarksycrone,-978,0.90,0.90
Russiabalblna,-1251,0.89,0.90
Bulgariankl,-1046,0.91,0.90
RomaniaBTN,-3064,0.88,0.90
Russiahooch,-1828,0.89,0.90
SwedenGolden,-2042,0.87,0.90
CanadaFNS,-1794,0.89,0.89
Russiaspiker,-974,0.88,0.89
CzechRepublicK1-FiDa,-917,0.89,0.89
UkrainePsycho,-1081,0.89,0.89
FranceJiNKZ,-1193,0.88,0.89
UnitedStatesMAiNLiNE,-1064,0.87,0.89
UnitedKingdomMiGHTYMAX,-2748,0.89,0.89
Swedenpronax,-2267,0.89,0.89
UnitedStatesPolen,-978,0.88,0.89
UnitedKingdomAdam9130,-1727,0.87,0.89
PolandlunAtic,-2471,0.88,0.89
UnitedStatesLeX,-1263,0.85,0.88
Denmarktorben,-1196,0.87,0.88
FranceLambert,-1687,0.88,0.88
UnitedStatesseang@res,-1629,0.87,0.88
Canadadaps,-2364,0.87,0.88
GermanyScrunK,-3337,0.85,0.87
DenmarkIceBerg,-2188,0.83,0.87
Polandnawrot,-1769,0.85,0.87
DenmarkBERRY,-2516,0.84,0.87
Chinaadvent,-2554,0.87,0.87
Denmarkbirdfromsky,-2988,0.85,0.87
Ukrainedef,-1593,0.85,0.86
Spaindav1g,-1168,0.84,0.86
SwedendjL,-1735,0.86,0.86
DenmarkHooXi,-2688,0.84,0.86
SwedenDevilwalk,-1153,0.84,0.85
Germanygob,-2828,0.84,0.85
UnitedStatesSlemmy,-1313,0.83,0.85
RussiaPASHANOJ,-2371,0.80,0.83
UkraineB1ad3,-3408,0.80,0.83
Belgiumsimix,-1548,0.80,0.83
Denmarknetrick,-1736,0.80,0.82
DenmarkHUNDEN,-6238,0.78,0.81
CanadaOCEAN,-1962,0.74,0.77
